-- ============================================================
-- AT&T GSCDNA DATA QUALITY COST MONITORING FRAMEWORK
-- Database: GSCDNA_DQ
-- Schema: GSCDNA_DATA_GOV
-- ============================================================
-- Version: 1.0
-- Description: DQ Cost Monitoring framework for AT&T GSCDNA
--   Architecture: DATA_QUALITY_MONITORING_USAGE_HISTORY → Cost Monitoring Views
--                 → Alert Procedures → Dashboard Views → Scheduled Tasks
--   Credit to USD: $0.00056 per credit
--   Budget: $10/day per object default, warning at 2x avg, critical at 3x avg
--   Anomaly detection: 2+ std deviations from 7-day mean
-- Author: Snowflake SD India
-- ============================================================

-- ============================================================
-- SECTION 1: DATABASE & SCHEMA SETUP
-- ============================================================

USE ROLE SYSADMIN;
CREATE DATABASE IF NOT EXISTS GSCDNA_DQ
    COMMENT = 'AT&T GSCDNA Data Quality Cost Monitoring Framework';

CREATE SCHEMA IF NOT EXISTS GSCDNA_DQ.GSCDNA_DATA_GOV
    COMMENT = 'Data Governance - DQ cost monitoring, alerting, and dashboards';

USE DATABASE GSCDNA_DQ;
USE SCHEMA GSCDNA_DATA_GOV;

-- ============================================================
-- SECTION 2: SECURITY ROLES
-- ============================================================

USE ROLE SECURITYADMIN;

CREATE ROLE IF NOT EXISTS DQ_ADMIN_ROLE
    COMMENT = 'DQ framework administration - full access to DQ cost monitoring';

CREATE ROLE IF NOT EXISTS DQ_OPERATOR_ROLE
    COMMENT = 'DQ operations - run cost check procedures, manage budgets';

CREATE ROLE IF NOT EXISTS DQ_VIEWER_ROLE
    COMMENT = 'DQ monitoring - read-only access to cost dashboards and reports';

-- Role hierarchy
GRANT ROLE DQ_VIEWER_ROLE TO ROLE DQ_OPERATOR_ROLE;
GRANT ROLE DQ_OPERATOR_ROLE TO ROLE DQ_ADMIN_ROLE;
GRANT ROLE DQ_ADMIN_ROLE TO ROLE SYSADMIN;

-- Database grants
GRANT USAGE ON DATABASE GSCDNA_DQ TO ROLE DQ_ADMIN_ROLE;
GRANT USAGE ON DATABASE GSCDNA_DQ TO ROLE DQ_OPERATOR_ROLE;
GRANT USAGE ON DATABASE GSCDNA_DQ TO ROLE DQ_VIEWER_ROLE;

-- Schema grants
GRANT ALL PRIVILEGES ON SCHEMA GSCDNA_DQ.GSCDNA_DATA_GOV TO ROLE DQ_ADMIN_ROLE;

GRANT USAGE ON SCHEMA GSCDNA_DQ.GSCDNA_DATA_GOV TO ROLE DQ_OPERATOR_ROLE;
GRANT SELECT, INSERT, UPDATE, DELETE ON ALL TABLES IN SCHEMA GSCDNA_DQ.GSCDNA_DATA_GOV TO ROLE DQ_OPERATOR_ROLE;
GRANT SELECT ON ALL VIEWS IN SCHEMA GSCDNA_DQ.GSCDNA_DATA_GOV TO ROLE DQ_OPERATOR_ROLE;
GRANT USAGE ON ALL PROCEDURES IN SCHEMA GSCDNA_DQ.GSCDNA_DATA_GOV TO ROLE DQ_OPERATOR_ROLE;
GRANT SELECT, INSERT, UPDATE, DELETE ON FUTURE TABLES IN SCHEMA GSCDNA_DQ.GSCDNA_DATA_GOV TO ROLE DQ_OPERATOR_ROLE;
GRANT SELECT ON FUTURE VIEWS IN SCHEMA GSCDNA_DQ.GSCDNA_DATA_GOV TO ROLE DQ_OPERATOR_ROLE;
GRANT USAGE ON FUTURE PROCEDURES IN SCHEMA GSCDNA_DQ.GSCDNA_DATA_GOV TO ROLE DQ_OPERATOR_ROLE;

GRANT USAGE ON SCHEMA GSCDNA_DQ.GSCDNA_DATA_GOV TO ROLE DQ_VIEWER_ROLE;
GRANT SELECT ON ALL TABLES IN SCHEMA GSCDNA_DQ.GSCDNA_DATA_GOV TO ROLE DQ_VIEWER_ROLE;
GRANT SELECT ON ALL VIEWS IN SCHEMA GSCDNA_DQ.GSCDNA_DATA_GOV TO ROLE DQ_VIEWER_ROLE;
GRANT SELECT ON FUTURE TABLES IN SCHEMA GSCDNA_DQ.GSCDNA_DATA_GOV TO ROLE DQ_VIEWER_ROLE;
GRANT SELECT ON FUTURE VIEWS IN SCHEMA GSCDNA_DQ.GSCDNA_DATA_GOV TO ROLE DQ_VIEWER_ROLE;

-- Warehouse grants
GRANT USAGE ON WAREHOUSE CORTEX_WH TO ROLE DQ_ADMIN_ROLE;
GRANT USAGE ON WAREHOUSE CORTEX_WH TO ROLE DQ_OPERATOR_ROLE;
GRANT USAGE ON WAREHOUSE CORTEX_WH TO ROLE DQ_VIEWER_ROLE;

-- Task execution grants
USE ROLE ACCOUNTADMIN;
GRANT EXECUTE TASK ON ACCOUNT TO ROLE DQ_ADMIN_ROLE;
GRANT EXECUTE TASK ON ACCOUNT TO ROLE SYSADMIN;
USE ROLE SYSADMIN;

-- ============================================================
-- SECTION 3: TABLES WITH SAMPLE DATA
-- ============================================================

USE DATABASE GSCDNA_DQ;
USE SCHEMA GSCDNA_DATA_GOV;

-- ----------------------------------------------------------
-- Table 1: DQ_OBJECTS_MONITORED
-- Objects registered for DQ monitoring
-- ----------------------------------------------------------
CREATE OR REPLACE TABLE DQ_OBJECTS_MONITORED (
    OBJECT_ID NUMBER AUTOINCREMENT PRIMARY KEY,
    DATABASE_NAME VARCHAR(256) NOT NULL,
    SCHEMA_NAME VARCHAR(256) NOT NULL,
    TABLE_NAME VARCHAR(256) NOT NULL,
    PRIORITY_TIER VARCHAR(10) NOT NULL DEFAULT 'P3',
    OWNER_EMAIL VARCHAR(512),
    IS_ACTIVE BOOLEAN DEFAULT TRUE,
    CREATED_TS TIMESTAMP_NTZ DEFAULT CURRENT_TIMESTAMP(),
    COMMENT = 'Objects registered for DQ cost monitoring in GSCDNA'
);

INSERT INTO DQ_OBJECTS_MONITORED (DATABASE_NAME, SCHEMA_NAME, TABLE_NAME, PRIORITY_TIER, OWNER_EMAIL, IS_ACTIVE, CREATED_TS)
VALUES
    ('GSCDNA_DQ', 'GSCDNA_DATA_GOV', 'GSCDNA_CUSTOMER_PROFILE', 'P0', 'Dipal.Mahajan@snowflake.com', TRUE, DATEADD(DAY, -90, CURRENT_TIMESTAMP())),
    ('GSCDNA_DQ', 'GSCDNA_DATA_GOV', 'GSCDNA_SERVICE_ORDER', 'P0', 'Dipal.Mahajan@snowflake.com', TRUE, DATEADD(DAY, -88, CURRENT_TIMESTAMP())),
    ('GSCDNA_DQ', 'GSCDNA_DATA_GOV', 'GSCDNA_BILLING_DETAIL', 'P0', 'Dipal.Mahajan@snowflake.com', TRUE, DATEADD(DAY, -85, CURRENT_TIMESTAMP())),
    ('GSCDNA_DQ', 'GSCDNA_DATA_GOV', 'GSCDNA_NETWORK_INVENTORY', 'P1', 'Dipal.Mahajan@snowflake.com', TRUE, DATEADD(DAY, -80, CURRENT_TIMESTAMP())),
    ('GSCDNA_DQ', 'GSCDNA_DATA_GOV', 'GSCDNA_DEVICE_REGISTRY', 'P1', 'Dipal.Mahajan@snowflake.com', TRUE, DATEADD(DAY, -78, CURRENT_TIMESTAMP())),
    ('GSCDNA_DQ', 'GSCDNA_DATA_GOV', 'GSCDNA_USAGE_METRICS', 'P1', 'Dipal.Mahajan@snowflake.com', TRUE, DATEADD(DAY, -75, CURRENT_TIMESTAMP())),
    ('GSCDNA_DQ', 'GSCDNA_DATA_GOV', 'GSCDNA_SUBSCRIBER_INFO', 'P2', 'Dipal.Mahajan@snowflake.com', TRUE, DATEADD(DAY, -70, CURRENT_TIMESTAMP())),
    ('GSCDNA_DQ', 'GSCDNA_DATA_GOV', 'GSCDNA_CIRCUIT_DATA', 'P2', 'Dipal.Mahajan@snowflake.com', TRUE, DATEADD(DAY, -65, CURRENT_TIMESTAMP())),
    ('GSCDNA_DQ', 'GSCDNA_DATA_GOV', 'GSCDNA_TICKET_HISTORY', 'P2', 'Dipal.Mahajan@snowflake.com', TRUE, DATEADD(DAY, -60, CURRENT_TIMESTAMP())),
    ('GSCDNA_DQ', 'GSCDNA_DATA_GOV', 'GSCDNA_PROVISIONING_LOG', 'P3', 'Dipal.Mahajan@snowflake.com', TRUE, DATEADD(DAY, -55, CURRENT_TIMESTAMP())),
    ('GSCDNA_DQ', 'GSCDNA_DATA_GOV', 'GSCDNA_CDR_RECORDS', 'P1', 'Dipal.Mahajan@snowflake.com', TRUE, DATEADD(DAY, -50, CURRENT_TIMESTAMP())),
    ('GSCDNA_DQ', 'GSCDNA_DATA_GOV', 'GSCDNA_FIBER_TOPOLOGY', 'P2', 'Dipal.Mahajan@snowflake.com', TRUE, DATEADD(DAY, -48, CURRENT_TIMESTAMP())),
    ('GSCDNA_DQ', 'GSCDNA_DATA_GOV', 'GSCDNA_TOWER_INVENTORY', 'P3', 'Dipal.Mahajan@snowflake.com', TRUE, DATEADD(DAY, -45, CURRENT_TIMESTAMP())),
    ('GSCDNA_DQ', 'GSCDNA_DATA_GOV', 'GSCDNA_VENDOR_CONTRACTS', 'P3', 'Dipal.Mahajan@snowflake.com', TRUE, DATEADD(DAY, -40, CURRENT_TIMESTAMP())),
    ('GSCDNA_DQ', 'GSCDNA_DATA_GOV', 'GSCDNA_SLA_METRICS', 'P1', 'Dipal.Mahajan@snowflake.com', TRUE, DATEADD(DAY, -38, CURRENT_TIMESTAMP())),
    ('GSCDNA_DQ', 'GSCDNA_DATA_GOV', 'GSCDNA_CAPACITY_PLAN', 'P3', 'Dipal.Mahajan@snowflake.com', TRUE, DATEADD(DAY, -35, CURRENT_TIMESTAMP())),
    ('GSCDNA_DQ', 'GSCDNA_DATA_GOV', 'GSCDNA_INCIDENT_LOG', 'P2', 'Dipal.Mahajan@snowflake.com', TRUE, DATEADD(DAY, -30, CURRENT_TIMESTAMP())),
    ('GSCDNA_DQ', 'GSCDNA_DATA_GOV', 'GSCDNA_WORKFORCE_SCHEDULE', 'P4', 'Dipal.Mahajan@snowflake.com', TRUE, DATEADD(DAY, -25, CURRENT_TIMESTAMP())),
    ('GSCDNA_DQ', 'GSCDNA_DATA_GOV', 'GSCDNA_COMPLIANCE_AUDIT', 'P4', 'Dipal.Mahajan@snowflake.com', TRUE, DATEADD(DAY, -20, CURRENT_TIMESTAMP())),
    ('GSCDNA_DQ', 'GSCDNA_DATA_GOV', 'GSCDNA_MARKETING_CAMPAIGN', 'P4', 'Dipal.Mahajan@snowflake.com', FALSE, DATEADD(DAY, -15, CURRENT_TIMESTAMP()));

-- ----------------------------------------------------------
-- Table 2: DQ_PRIORITY_TIERS
-- Priority tier definitions with budgets
-- ----------------------------------------------------------
CREATE OR REPLACE TABLE DQ_PRIORITY_TIERS (
    TIER_NAME VARCHAR(10) NOT NULL PRIMARY KEY,
    TIER_LEVEL NUMBER NOT NULL,
    DESCRIPTION VARCHAR(500),
    MAX_BUDGET_DAILY_USD NUMBER(10,4) NOT NULL,
    ALERT_THRESHOLD_MULTIPLIER NUMBER(5,2) NOT NULL DEFAULT 2.0,
    COMMENT = 'Priority tier definitions for DQ cost budgeting'
);

INSERT INTO DQ_PRIORITY_TIERS (TIER_NAME, TIER_LEVEL, DESCRIPTION, MAX_BUDGET_DAILY_USD, ALERT_THRESHOLD_MULTIPLIER)
VALUES
    ('P0', 0, 'Mission Critical - Revenue-impacting tables requiring real-time DQ checks', 25.0000, 1.5),
    ('P1', 1, 'High Priority - Core operational tables with frequent DQ monitoring', 15.0000, 2.0),
    ('P2', 2, 'Standard Priority - Business tables with daily DQ checks', 10.0000, 2.0),
    ('P3', 3, 'Low Priority - Supporting tables with periodic DQ monitoring', 5.0000, 2.5),
    ('P4', 4, 'Minimal - Archive/reference tables with weekly DQ checks', 2.0000, 3.0);

-- ----------------------------------------------------------
-- Table 3: DQ_COST_DAILY_LOG
-- Daily cost records for DQ monitoring per object
-- ----------------------------------------------------------
CREATE OR REPLACE TABLE DQ_COST_DAILY_LOG (
    LOG_ID NUMBER AUTOINCREMENT PRIMARY KEY,
    LOG_DATE DATE NOT NULL,
    OBJECT_DATABASE VARCHAR(256),
    OBJECT_SCHEMA VARCHAR(256),
    OBJECT_NAME VARCHAR(256) NOT NULL,
    CREDITS_USED NUMBER(18,8) NOT NULL DEFAULT 0,
    ESTIMATED_COST_USD NUMBER(18,6) NOT NULL DEFAULT 0,
    DMF_EXECUTIONS NUMBER DEFAULT 0,
    ERRORS_FOUND NUMBER DEFAULT 0,
    COMMENT = 'Daily DQ cost log - one row per object per day'
);

-- Insert 30 days of cost data for 10 main objects
INSERT INTO DQ_COST_DAILY_LOG (LOG_DATE, OBJECT_DATABASE, OBJECT_SCHEMA, OBJECT_NAME, CREDITS_USED, ESTIMATED_COST_USD, DMF_EXECUTIONS, ERRORS_FOUND)
SELECT
    DATEADD(DAY, -SEQ4(), CURRENT_DATE()) AS LOG_DATE,
    'GSCDNA_DQ' AS OBJECT_DATABASE,
    'GSCDNA_DATA_GOV' AS OBJECT_SCHEMA,
    OBJ.OBJECT_NAME,
    ROUND(OBJ.BASE_CREDITS * (1 + (UNIFORM(-30, 30, RANDOM()) / 100.0)), 8) AS CREDITS_USED,
    ROUND(OBJ.BASE_CREDITS * (1 + (UNIFORM(-30, 30, RANDOM()) / 100.0)) * 0.00056, 6) AS ESTIMATED_COST_USD,
    OBJ.BASE_EXECUTIONS + UNIFORM(-2, 5, RANDOM()) AS DMF_EXECUTIONS,
    GREATEST(0, UNIFORM(-5, 15, RANDOM())) AS ERRORS_FOUND
FROM TABLE(GENERATOR(ROWCOUNT => 30)) AS G
CROSS JOIN (
    SELECT 'GSCDNA_CUSTOMER_PROFILE' AS OBJECT_NAME, 35.0 AS BASE_CREDITS, 24 AS BASE_EXECUTIONS UNION ALL
    SELECT 'GSCDNA_SERVICE_ORDER', 28.0, 20 UNION ALL
    SELECT 'GSCDNA_BILLING_DETAIL', 42.0, 30 UNION ALL
    SELECT 'GSCDNA_NETWORK_INVENTORY', 18.0, 12 UNION ALL
    SELECT 'GSCDNA_DEVICE_REGISTRY', 15.0, 10 UNION ALL
    SELECT 'GSCDNA_USAGE_METRICS', 22.0, 16 UNION ALL
    SELECT 'GSCDNA_SUBSCRIBER_INFO', 12.0, 8 UNION ALL
    SELECT 'GSCDNA_CIRCUIT_DATA', 10.0, 6 UNION ALL
    SELECT 'GSCDNA_TICKET_HISTORY', 8.0, 5 UNION ALL
    SELECT 'GSCDNA_PROVISIONING_LOG', 5.0, 4
) AS OBJ;

-- ----------------------------------------------------------
-- Table 4: DQ_COST_BUDGET_CONFIG
-- Budget thresholds per object
-- ----------------------------------------------------------
CREATE OR REPLACE TABLE DQ_COST_BUDGET_CONFIG (
    CONFIG_ID NUMBER AUTOINCREMENT PRIMARY KEY,
    OBJECT_NAME VARCHAR(256) NOT NULL,
    DAILY_BUDGET_USD NUMBER(10,4) NOT NULL DEFAULT 10.0000,
    WARNING_THRESHOLD_MULTIPLIER NUMBER(5,2) NOT NULL DEFAULT 2.0,
    CRITICAL_THRESHOLD_MULTIPLIER NUMBER(5,2) NOT NULL DEFAULT 3.0,
    CREATED_TS TIMESTAMP_NTZ DEFAULT CURRENT_TIMESTAMP(),
    UPDATED_TS TIMESTAMP_NTZ DEFAULT CURRENT_TIMESTAMP(),
    COMMENT = 'Budget configuration per monitored object'
);

INSERT INTO DQ_COST_BUDGET_CONFIG (OBJECT_NAME, DAILY_BUDGET_USD, WARNING_THRESHOLD_MULTIPLIER, CRITICAL_THRESHOLD_MULTIPLIER)
VALUES
    ('GSCDNA_CUSTOMER_PROFILE', 25.0000, 2.0, 3.0),
    ('GSCDNA_SERVICE_ORDER', 20.0000, 2.0, 3.0),
    ('GSCDNA_BILLING_DETAIL', 30.0000, 1.5, 2.5),
    ('GSCDNA_NETWORK_INVENTORY', 15.0000, 2.0, 3.0),
    ('GSCDNA_DEVICE_REGISTRY', 12.0000, 2.0, 3.0),
    ('GSCDNA_USAGE_METRICS', 15.0000, 2.0, 3.0),
    ('GSCDNA_SUBSCRIBER_INFO', 10.0000, 2.5, 3.5),
    ('GSCDNA_CIRCUIT_DATA', 8.0000, 2.5, 3.5),
    ('GSCDNA_TICKET_HISTORY', 6.0000, 2.5, 3.5),
    ('GSCDNA_PROVISIONING_LOG', 5.0000, 3.0, 4.0);

-- ----------------------------------------------------------
-- Table 5: DQ_COST_ANOMALY_LOG
-- Detected cost anomalies
-- ----------------------------------------------------------
CREATE OR REPLACE TABLE DQ_COST_ANOMALY_LOG (
    ANOMALY_ID NUMBER AUTOINCREMENT PRIMARY KEY,
    ANOMALY_DATE DATE NOT NULL,
    OBJECT_NAME VARCHAR(256) NOT NULL,
    EXPECTED_COST NUMBER(18,6),
    ACTUAL_COST NUMBER(18,6),
    DEVIATION_STDDEV NUMBER(10,4),
    SEVERITY VARCHAR(20) NOT NULL DEFAULT 'WARNING',
    IS_RESOLVED BOOLEAN DEFAULT FALSE,
    RESOLVED_TS TIMESTAMP_NTZ,
    DETECTED_TS TIMESTAMP_NTZ DEFAULT CURRENT_TIMESTAMP(),
    COMMENT = 'Cost anomalies detected via statistical analysis'
);

INSERT INTO DQ_COST_ANOMALY_LOG (ANOMALY_DATE, OBJECT_NAME, EXPECTED_COST, ACTUAL_COST, DEVIATION_STDDEV, SEVERITY, IS_RESOLVED, RESOLVED_TS, DETECTED_TS)
VALUES
    (DATEADD(DAY, -1, CURRENT_DATE()), 'GSCDNA_BILLING_DETAIL', 0.023520, 0.058800, 3.2, 'CRITICAL', FALSE, NULL, DATEADD(HOUR, -18, CURRENT_TIMESTAMP())),
    (DATEADD(DAY, -1, CURRENT_DATE()), 'GSCDNA_CUSTOMER_PROFILE', 0.019600, 0.041160, 2.5, 'WARNING', FALSE, NULL, DATEADD(HOUR, -18, CURRENT_TIMESTAMP())),
    (DATEADD(DAY, -2, CURRENT_DATE()), 'GSCDNA_SERVICE_ORDER', 0.015680, 0.035280, 2.8, 'WARNING', TRUE, DATEADD(HOUR, -30, CURRENT_TIMESTAMP()), DATEADD(HOUR, -42, CURRENT_TIMESTAMP())),
    (DATEADD(DAY, -3, CURRENT_DATE()), 'GSCDNA_NETWORK_INVENTORY', 0.010080, 0.025200, 3.5, 'CRITICAL', TRUE, DATEADD(HOUR, -60, CURRENT_TIMESTAMP()), DATEADD(HOUR, -66, CURRENT_TIMESTAMP())),
    (DATEADD(DAY, -4, CURRENT_DATE()), 'GSCDNA_USAGE_METRICS', 0.012320, 0.024640, 2.1, 'WARNING', TRUE, DATEADD(HOUR, -84, CURRENT_TIMESTAMP()), DATEADD(HOUR, -90, CURRENT_TIMESTAMP())),
    (DATEADD(DAY, -5, CURRENT_DATE()), 'GSCDNA_DEVICE_REGISTRY', 0.008400, 0.021000, 2.9, 'WARNING', TRUE, DATEADD(HOUR, -108, CURRENT_TIMESTAMP()), DATEADD(HOUR, -114, CURRENT_TIMESTAMP())),
    (DATEADD(DAY, -7, CURRENT_DATE()), 'GSCDNA_BILLING_DETAIL', 0.023520, 0.070560, 4.1, 'CRITICAL', TRUE, DATEADD(HOUR, -150, CURRENT_TIMESTAMP()), DATEADD(HOUR, -162, CURRENT_TIMESTAMP())),
    (CURRENT_DATE(), 'GSCDNA_USAGE_METRICS', 0.012320, 0.030800, 2.3, 'WARNING', FALSE, NULL, DATEADD(HOUR, -2, CURRENT_TIMESTAMP()));

-- ----------------------------------------------------------
-- Table 6: DQ_COST_ALERTS_HISTORY
-- Alert history log
-- ----------------------------------------------------------
CREATE OR REPLACE TABLE DQ_COST_ALERTS_HISTORY (
    ALERT_ID NUMBER AUTOINCREMENT PRIMARY KEY,
    ALERT_TS TIMESTAMP_NTZ NOT NULL DEFAULT CURRENT_TIMESTAMP(),
    ALERT_TYPE VARCHAR(50) NOT NULL,
    ALERT_LEVEL VARCHAR(20) NOT NULL,
    OBJECT_NAME VARCHAR(256),
    MESSAGE VARCHAR(2000),
    EMAIL_SENT BOOLEAN DEFAULT FALSE,
    RESOLVED_TS TIMESTAMP_NTZ,
    COMMENT = 'History of all DQ cost alerts sent'
);

INSERT INTO DQ_COST_ALERTS_HISTORY (ALERT_TS, ALERT_TYPE, ALERT_LEVEL, OBJECT_NAME, MESSAGE, EMAIL_SENT, RESOLVED_TS)
VALUES
    (DATEADD(HOUR, -2, CURRENT_TIMESTAMP()), 'COST_ANOMALY', 'WARNING', 'GSCDNA_USAGE_METRICS', 'Cost anomaly detected: actual $0.0308 vs expected $0.0123 (2.3 std dev)', TRUE, NULL),
    (DATEADD(HOUR, -18, CURRENT_TIMESTAMP()), 'COST_ANOMALY', 'CRITICAL', 'GSCDNA_BILLING_DETAIL', 'Cost anomaly detected: actual $0.0588 vs expected $0.0235 (3.2 std dev)', TRUE, NULL),
    (DATEADD(HOUR, -18, CURRENT_TIMESTAMP()), 'COST_ANOMALY', 'WARNING', 'GSCDNA_CUSTOMER_PROFILE', 'Cost anomaly detected: actual $0.0412 vs expected $0.0196 (2.5 std dev)', TRUE, NULL),
    (DATEADD(HOUR, -30, CURRENT_TIMESTAMP()), 'BUDGET_EXCEEDED', 'WARNING', 'GSCDNA_SERVICE_ORDER', 'Daily budget warning: spent $0.0353 (176% of $0.0200 budget)', TRUE, DATEADD(HOUR, -28, CURRENT_TIMESTAMP())),
    (DATEADD(HOUR, -42, CURRENT_TIMESTAMP()), 'COST_ANOMALY', 'WARNING', 'GSCDNA_SERVICE_ORDER', 'Cost anomaly detected: actual $0.0353 vs expected $0.0157 (2.8 std dev)', TRUE, DATEADD(HOUR, -30, CURRENT_TIMESTAMP())),
    (DATEADD(HOUR, -60, CURRENT_TIMESTAMP()), 'BUDGET_EXCEEDED', 'CRITICAL', 'GSCDNA_NETWORK_INVENTORY', 'Daily budget CRITICAL: spent $0.0252 (168% of $0.0150 budget)', TRUE, DATEADD(HOUR, -55, CURRENT_TIMESTAMP())),
    (DATEADD(HOUR, -66, CURRENT_TIMESTAMP()), 'COST_ANOMALY', 'CRITICAL', 'GSCDNA_NETWORK_INVENTORY', 'Cost anomaly detected: actual $0.0252 vs expected $0.0101 (3.5 std dev)', TRUE, DATEADD(HOUR, -60, CURRENT_TIMESTAMP())),
    (DATEADD(HOUR, -84, CURRENT_TIMESTAMP()), 'COST_ANOMALY', 'WARNING', 'GSCDNA_USAGE_METRICS', 'Cost anomaly detected: actual $0.0246 vs expected $0.0123 (2.1 std dev)', TRUE, DATEADD(HOUR, -80, CURRENT_TIMESTAMP())),
    (DATEADD(HOUR, -96, CURRENT_TIMESTAMP()), 'DAILY_SUMMARY', 'INFO', NULL, 'Daily cost summary: Total $0.1425, 10 objects monitored, 2 anomalies detected', TRUE, NULL),
    (DATEADD(HOUR, -120, CURRENT_TIMESTAMP()), 'DAILY_SUMMARY', 'INFO', NULL, 'Daily cost summary: Total $0.1380, 10 objects monitored, 1 anomaly detected', TRUE, NULL),
    (DATEADD(HOUR, -162, CURRENT_TIMESTAMP()), 'COST_ANOMALY', 'CRITICAL', 'GSCDNA_BILLING_DETAIL', 'Cost anomaly detected: actual $0.0706 vs expected $0.0235 (4.1 std dev)', TRUE, DATEADD(HOUR, -150, CURRENT_TIMESTAMP())),
    (DATEADD(HOUR, -168, CURRENT_TIMESTAMP()), 'WEEKLY_REPORT', 'INFO', NULL, 'Weekly cost report: Total $0.9850, avg $0.1407/day, 5 anomalies this week', TRUE, NULL);

-- ----------------------------------------------------------
-- Table 7: DQ_EXECUTION_RESULTS
-- DMF execution results
-- ----------------------------------------------------------
CREATE OR REPLACE TABLE DQ_EXECUTION_RESULTS (
    RESULT_ID NUMBER AUTOINCREMENT PRIMARY KEY,
    EXECUTION_TS TIMESTAMP_NTZ NOT NULL DEFAULT CURRENT_TIMESTAMP(),
    OBJECT_NAME VARCHAR(256) NOT NULL,
    METRIC_NAME VARCHAR(256) NOT NULL,
    METRIC_VALUE NUMBER(18,6),
    PASS_FLAG BOOLEAN NOT NULL DEFAULT TRUE,
    MEASUREMENT_TIME TIMESTAMP_NTZ,
    COMMENT = 'DMF execution results for quality tracking'
);

-- Insert execution results for last 7 days across objects
INSERT INTO DQ_EXECUTION_RESULTS (EXECUTION_TS, OBJECT_NAME, METRIC_NAME, METRIC_VALUE, PASS_FLAG, MEASUREMENT_TIME)
SELECT
    DATEADD(HOUR, -SEQ4(), CURRENT_TIMESTAMP()) AS EXECUTION_TS,
    OBJ.OBJECT_NAME,
    MET.METRIC_NAME,
    CASE
        WHEN MET.METRIC_NAME = 'NULL_COUNT' THEN UNIFORM(0, 50, RANDOM())
        WHEN MET.METRIC_NAME = 'DUPLICATE_COUNT' THEN UNIFORM(0, 10, RANDOM())
        WHEN MET.METRIC_NAME = 'FRESHNESS_HOURS' THEN ROUND(UNIFORM(0, 48, RANDOM()), 2)
        WHEN MET.METRIC_NAME = 'ROW_COUNT' THEN UNIFORM(10000, 5000000, RANDOM())
        ELSE ROUND(UNIFORM(0, 100, RANDOM()), 2)
    END AS METRIC_VALUE,
    CASE WHEN UNIFORM(0, 100, RANDOM()) > 15 THEN TRUE ELSE FALSE END AS PASS_FLAG,
    DATEADD(HOUR, -SEQ4(), CURRENT_TIMESTAMP()) AS MEASUREMENT_TIME
FROM TABLE(GENERATOR(ROWCOUNT => 168)) AS G
CROSS JOIN (
    SELECT 'GSCDNA_CUSTOMER_PROFILE' AS OBJECT_NAME UNION ALL
    SELECT 'GSCDNA_SERVICE_ORDER' UNION ALL
    SELECT 'GSCDNA_BILLING_DETAIL' UNION ALL
    SELECT 'GSCDNA_NETWORK_INVENTORY' UNION ALL
    SELECT 'GSCDNA_USAGE_METRICS'
) AS OBJ
CROSS JOIN (
    SELECT 'NULL_COUNT' AS METRIC_NAME UNION ALL
    SELECT 'DUPLICATE_COUNT' UNION ALL
    SELECT 'FRESHNESS_HOURS' UNION ALL
    SELECT 'ROW_COUNT'
) AS MET;

-- ----------------------------------------------------------
-- Table 8: DQ_EMAIL_NOTIFICATION_CONFIG
-- Email notification configuration
-- ----------------------------------------------------------
CREATE OR REPLACE TABLE DQ_EMAIL_NOTIFICATION_CONFIG (
    CONFIG_ID NUMBER AUTOINCREMENT PRIMARY KEY,
    CONFIG_NAME VARCHAR(256) NOT NULL,
    OBJECT_NAME VARCHAR(256),
    EMAIL_RECIPIENTS VARCHAR(2000) NOT NULL,
    ALERT_LEVEL_FILTER VARCHAR(50) DEFAULT 'ALL',
    IS_ACTIVE BOOLEAN DEFAULT TRUE,
    CREATED_TS TIMESTAMP_NTZ DEFAULT CURRENT_TIMESTAMP(),
    COMMENT = 'Email notification routing configuration'
);

INSERT INTO DQ_EMAIL_NOTIFICATION_CONFIG (CONFIG_NAME, OBJECT_NAME, EMAIL_RECIPIENTS, ALERT_LEVEL_FILTER, IS_ACTIVE)
VALUES
    ('GSCDNA_DQ_ADMINS', NULL, 'Dipal.Mahajan@snowflake.com', 'ALL', TRUE),
    ('BILLING_CRITICAL', 'GSCDNA_BILLING_DETAIL', 'Dipal.Mahajan@snowflake.com', 'CRITICAL', TRUE),
    ('NETWORK_OPS', 'GSCDNA_NETWORK_INVENTORY', 'Dipal.Mahajan@snowflake.com', 'WARNING', TRUE),
    ('CUSTOMER_ALERTS', 'GSCDNA_CUSTOMER_PROFILE', 'Dipal.Mahajan@snowflake.com', 'WARNING', TRUE),
    ('WEEKLY_SUMMARY', NULL, 'Dipal.Mahajan@snowflake.com', 'INFO', TRUE),
    ('SUBSCRIBER_ALERTS', 'GSCDNA_SUBSCRIBER_INFO', 'Dipal.Mahajan@snowflake.com', 'WARNING', TRUE),
    ('DEVICE_REGISTRY', 'GSCDNA_DEVICE_REGISTRY', 'Dipal.Mahajan@snowflake.com', 'CRITICAL', TRUE),
    ('ALL_OBJECTS_CRITICAL', NULL, 'Dipal.Mahajan@snowflake.com', 'CRITICAL', TRUE);

-- ----------------------------------------------------------
-- Table 9: DQ_COST_FORECAST
-- Monthly cost forecast projections
-- ----------------------------------------------------------
CREATE OR REPLACE TABLE DQ_COST_FORECAST (
    FORECAST_ID NUMBER AUTOINCREMENT PRIMARY KEY,
    FORECAST_MONTH DATE NOT NULL,
    PROJECTED_CREDITS NUMBER(18,4) NOT NULL,
    PROJECTED_COST_USD NUMBER(18,6) NOT NULL,
    GROWTH_RATE_PCT NUMBER(8,4),
    GENERATED_TS TIMESTAMP_NTZ DEFAULT CURRENT_TIMESTAMP(),
    COMMENT = 'Monthly DQ cost forecasts for budget planning'
);

INSERT INTO DQ_COST_FORECAST (FORECAST_MONTH, PROJECTED_CREDITS, PROJECTED_COST_USD, GROWTH_RATE_PCT, GENERATED_TS)
VALUES
    (DATE_TRUNC('MONTH', CURRENT_DATE()), 5950.0000, 3.3320, 0.0000, DATEADD(DAY, -1, CURRENT_TIMESTAMP())),
    (DATEADD(MONTH, 1, DATE_TRUNC('MONTH', CURRENT_DATE())), 6248.0000, 3.4989, 5.0100, DATEADD(DAY, -1, CURRENT_TIMESTAMP())),
    (DATEADD(MONTH, 2, DATE_TRUNC('MONTH', CURRENT_DATE())), 6560.0000, 3.6736, 5.0000, DATEADD(DAY, -1, CURRENT_TIMESTAMP())),
    (DATEADD(MONTH, 3, DATE_TRUNC('MONTH', CURRENT_DATE())), 6888.0000, 3.8573, 5.0000, DATEADD(DAY, -1, CURRENT_TIMESTAMP())),
    (DATEADD(MONTH, 4, DATE_TRUNC('MONTH', CURRENT_DATE())), 7233.0000, 4.0505, 5.0100, DATEADD(DAY, -1, CURRENT_TIMESTAMP())),
    (DATEADD(MONTH, 5, DATE_TRUNC('MONTH', CURRENT_DATE())), 7594.0000, 4.2526, 4.9900, DATEADD(DAY, -1, CURRENT_TIMESTAMP()));

-- ----------------------------------------------------------
-- Table 10: DQ_DMF_CONFIG
-- Simplified DMF configuration
-- ----------------------------------------------------------
CREATE OR REPLACE TABLE DQ_DMF_CONFIG (
    CONFIG_ID NUMBER AUTOINCREMENT PRIMARY KEY,
    DMF_KEY VARCHAR(256) NOT NULL,
    OBJECT_NAME VARCHAR(256) NOT NULL,
    TAG_NAME VARCHAR(256),
    DMF_TYPE VARCHAR(50) NOT NULL DEFAULT 'BUILT_IN',
    IS_ACTIVE BOOLEAN DEFAULT TRUE,
    SCHEDULE VARCHAR(100) DEFAULT '60 MINUTE',
    CREATED_TS TIMESTAMP_NTZ DEFAULT CURRENT_TIMESTAMP(),
    COMMENT = 'DMF assignment configuration per object'
);

INSERT INTO DQ_DMF_CONFIG (DMF_KEY, OBJECT_NAME, TAG_NAME, DMF_TYPE, IS_ACTIVE, SCHEDULE)
VALUES
    ('CP_NULL_COUNT', 'GSCDNA_CUSTOMER_PROFILE', 'DQ_NULL_COUNT', 'BUILT_IN', TRUE, 'TRIGGER_ON_CHANGES'),
    ('CP_DUPLICATE', 'GSCDNA_CUSTOMER_PROFILE', 'DQ_DUPLICATE_COUNT', 'BUILT_IN', TRUE, '60 MINUTE'),
    ('CP_FRESHNESS', 'GSCDNA_CUSTOMER_PROFILE', 'DQ_FRESHNESS', 'BUILT_IN', TRUE, '60 MINUTE'),
    ('SO_NULL_COUNT', 'GSCDNA_SERVICE_ORDER', 'DQ_NULL_COUNT', 'BUILT_IN', TRUE, 'TRIGGER_ON_CHANGES'),
    ('SO_ROW_COUNT', 'GSCDNA_SERVICE_ORDER', 'DQ_ROW_COUNT', 'BUILT_IN', TRUE, '60 MINUTE'),
    ('BD_NULL_COUNT', 'GSCDNA_BILLING_DETAIL', 'DQ_NULL_COUNT', 'BUILT_IN', TRUE, 'TRIGGER_ON_CHANGES'),
    ('BD_DUPLICATE', 'GSCDNA_BILLING_DETAIL', 'DQ_DUPLICATE_COUNT', 'BUILT_IN', TRUE, '60 MINUTE'),
    ('BD_FRESHNESS', 'GSCDNA_BILLING_DETAIL', 'DQ_FRESHNESS', 'BUILT_IN', TRUE, '60 MINUTE'),
    ('BD_CUSTOM_BALANCE', 'GSCDNA_BILLING_DETAIL', NULL, 'CUSTOM_SQL', TRUE, '180 MINUTE'),
    ('NI_NULL_COUNT', 'GSCDNA_NETWORK_INVENTORY', 'DQ_NULL_COUNT', 'BUILT_IN', TRUE, '60 MINUTE'),
    ('NI_ROW_COUNT', 'GSCDNA_NETWORK_INVENTORY', 'DQ_ROW_COUNT', 'BUILT_IN', TRUE, '360 MINUTE'),
    ('DR_NULL_COUNT', 'GSCDNA_DEVICE_REGISTRY', 'DQ_NULL_COUNT', 'BUILT_IN', TRUE, '60 MINUTE'),
    ('DR_UNIQUE', 'GSCDNA_DEVICE_REGISTRY', 'DQ_UNIQUE_COUNT', 'BUILT_IN', TRUE, '180 MINUTE'),
    ('UM_NULL_COUNT', 'GSCDNA_USAGE_METRICS', 'DQ_NULL_COUNT', 'BUILT_IN', TRUE, 'TRIGGER_ON_CHANGES'),
    ('UM_FRESHNESS', 'GSCDNA_USAGE_METRICS', 'DQ_FRESHNESS', 'BUILT_IN', TRUE, '60 MINUTE'),
    ('UM_STATS', 'GSCDNA_USAGE_METRICS', 'DQ_STATS_AVG', 'BUILT_IN', TRUE, '360 MINUTE'),
    ('SI_NULL_COUNT', 'GSCDNA_SUBSCRIBER_INFO', 'DQ_NULL_COUNT', 'BUILT_IN', TRUE, '60 MINUTE'),
    ('CD_FRESHNESS', 'GSCDNA_CIRCUIT_DATA', 'DQ_FRESHNESS', 'BUILT_IN', TRUE, '720 MINUTE'),
    ('TH_ROW_COUNT', 'GSCDNA_TICKET_HISTORY', 'DQ_ROW_COUNT', 'BUILT_IN', TRUE, '1440 MINUTE'),
    ('PL_NULL_COUNT', 'GSCDNA_PROVISIONING_LOG', 'DQ_NULL_COUNT', 'BUILT_IN', TRUE, '1440 MINUTE');

-- ============================================================
-- SECTION 4: DASHBOARD VIEWS
-- ============================================================

-- ----------------------------------------------------------
-- View 1: VW_DQ_COST_EXECUTIVE_SUMMARY
-- Executive-level cost summary with KPIs
-- ----------------------------------------------------------
CREATE OR REPLACE VIEW VW_DQ_COST_EXECUTIVE_SUMMARY AS
SELECT
    -- Today's cost
    COALESCE(SUM(CASE WHEN LOG_DATE = CURRENT_DATE() THEN ESTIMATED_COST_USD END), 0) AS TODAY_COST_USD,
    -- Yesterday's cost
    COALESCE(SUM(CASE WHEN LOG_DATE = DATEADD(DAY, -1, CURRENT_DATE()) THEN ESTIMATED_COST_USD END), 0) AS YESTERDAY_COST_USD,
    -- 7-day total cost
    COALESCE(SUM(CASE WHEN LOG_DATE >= DATEADD(DAY, -7, CURRENT_DATE()) THEN ESTIMATED_COST_USD END), 0) AS COST_7D_USD,
    -- 30-day total cost
    COALESCE(SUM(ESTIMATED_COST_USD), 0) AS COST_30D_USD,
    -- 7-day average daily cost
    COALESCE(SUM(CASE WHEN LOG_DATE >= DATEADD(DAY, -7, CURRENT_DATE()) THEN ESTIMATED_COST_USD END) / NULLIF(DATEDIFF(DAY, DATEADD(DAY, -7, CURRENT_DATE()), CURRENT_DATE()), 0), 0) AS AVG_DAILY_COST_7D_USD,
    -- Budget utilization (sum of daily costs / sum of daily budgets)
    ROUND(
        COALESCE(SUM(CASE WHEN LOG_DATE = CURRENT_DATE() THEN ESTIMATED_COST_USD END), 0) /
        NULLIF((SELECT SUM(DAILY_BUDGET_USD) FROM DQ_COST_BUDGET_CONFIG), 0) * 100,
    2) AS BUDGET_UTILIZATION_PCT,
    -- Active anomaly count
    (SELECT COUNT(*) FROM DQ_COST_ANOMALY_LOG WHERE IS_RESOLVED = FALSE) AS ACTIVE_ANOMALIES,
    -- Total objects monitored
    (SELECT COUNT(*) FROM DQ_OBJECTS_MONITORED WHERE IS_ACTIVE = TRUE) AS OBJECTS_MONITORED,
    -- Day over day change percentage
    ROUND(
        (COALESCE(SUM(CASE WHEN LOG_DATE = CURRENT_DATE() THEN ESTIMATED_COST_USD END), 0) -
         COALESCE(SUM(CASE WHEN LOG_DATE = DATEADD(DAY, -1, CURRENT_DATE()) THEN ESTIMATED_COST_USD END), 0)) /
        NULLIF(COALESCE(SUM(CASE WHEN LOG_DATE = DATEADD(DAY, -1, CURRENT_DATE()) THEN ESTIMATED_COST_USD END), 0), 0) * 100,
    2) AS DAY_OVER_DAY_CHANGE_PCT
FROM DQ_COST_DAILY_LOG
WHERE LOG_DATE >= DATEADD(DAY, -30, CURRENT_DATE());

-- ----------------------------------------------------------
-- View 2: VW_DQ_COST_TRENDS
-- 30-day daily cost trend with day-over-day change
-- ----------------------------------------------------------
CREATE OR REPLACE VIEW VW_DQ_COST_TRENDS AS
SELECT
    LOG_DATE,
    SUM(CREDITS_USED) AS TOTAL_CREDITS,
    SUM(ESTIMATED_COST_USD) AS TOTAL_COST_USD,
    COUNT(DISTINCT OBJECT_NAME) AS OBJECTS_COUNT,
    SUM(DMF_EXECUTIONS) AS TOTAL_EXECUTIONS,
    SUM(ERRORS_FOUND) AS TOTAL_ERRORS,
    LAG(SUM(ESTIMATED_COST_USD)) OVER (ORDER BY LOG_DATE) AS PREV_DAY_COST_USD,
    ROUND(
        (SUM(ESTIMATED_COST_USD) - LAG(SUM(ESTIMATED_COST_USD)) OVER (ORDER BY LOG_DATE)) /
        NULLIF(LAG(SUM(ESTIMATED_COST_USD)) OVER (ORDER BY LOG_DATE), 0) * 100,
    2) AS DAY_OVER_DAY_CHANGE_PCT
FROM DQ_COST_DAILY_LOG
WHERE LOG_DATE >= DATEADD(DAY, -30, CURRENT_DATE())
GROUP BY LOG_DATE
ORDER BY LOG_DATE;

-- ----------------------------------------------------------
-- View 3: VW_DQ_COST_BY_PRIORITY
-- Cost grouped by priority tier with object counts
-- ----------------------------------------------------------
CREATE OR REPLACE VIEW VW_DQ_COST_BY_PRIORITY AS
SELECT
    o.PRIORITY_TIER,
    pt.DESCRIPTION AS TIER_DESCRIPTION,
    pt.MAX_BUDGET_DAILY_USD,
    COUNT(DISTINCT o.TABLE_NAME) AS OBJECT_COUNT,
    COALESCE(SUM(c.ESTIMATED_COST_USD), 0) AS TOTAL_COST_30D_USD,
    COALESCE(AVG(c.ESTIMATED_COST_USD), 0) AS AVG_DAILY_COST_USD,
    COALESCE(SUM(c.DMF_EXECUTIONS), 0) AS TOTAL_EXECUTIONS,
    ROUND(
        COALESCE(SUM(c.ESTIMATED_COST_USD), 0) /
        NULLIF((SELECT SUM(ESTIMATED_COST_USD) FROM DQ_COST_DAILY_LOG WHERE LOG_DATE >= DATEADD(DAY, -30, CURRENT_DATE())), 0) * 100,
    2) AS COST_SHARE_PCT
FROM DQ_OBJECTS_MONITORED o
LEFT JOIN DQ_PRIORITY_TIERS pt ON o.PRIORITY_TIER = pt.TIER_NAME
LEFT JOIN DQ_COST_DAILY_LOG c ON o.TABLE_NAME = c.OBJECT_NAME
    AND c.LOG_DATE >= DATEADD(DAY, -30, CURRENT_DATE())
WHERE o.IS_ACTIVE = TRUE
GROUP BY o.PRIORITY_TIER, pt.DESCRIPTION, pt.MAX_BUDGET_DAILY_USD
ORDER BY o.PRIORITY_TIER;

-- ----------------------------------------------------------
-- View 4: VW_DQ_COST_ANOMALIES
-- Anomaly detection using 2+ std dev from 7-day rolling mean
-- ----------------------------------------------------------
CREATE OR REPLACE VIEW VW_DQ_COST_ANOMALIES AS
WITH daily_stats AS (
    SELECT
        OBJECT_NAME,
        LOG_DATE,
        ESTIMATED_COST_USD,
        AVG(ESTIMATED_COST_USD) OVER (
            PARTITION BY OBJECT_NAME
            ORDER BY LOG_DATE
            ROWS BETWEEN 7 PRECEDING AND 1 PRECEDING
        ) AS ROLLING_7D_AVG,
        STDDEV(ESTIMATED_COST_USD) OVER (
            PARTITION BY OBJECT_NAME
            ORDER BY LOG_DATE
            ROWS BETWEEN 7 PRECEDING AND 1 PRECEDING
        ) AS ROLLING_7D_STDDEV
    FROM DQ_COST_DAILY_LOG
    WHERE LOG_DATE >= DATEADD(DAY, -30, CURRENT_DATE())
)
SELECT
    OBJECT_NAME,
    LOG_DATE,
    ESTIMATED_COST_USD AS ACTUAL_COST_USD,
    ROLLING_7D_AVG AS EXPECTED_COST_USD,
    ROLLING_7D_STDDEV,
    CASE
        WHEN ROLLING_7D_STDDEV > 0 THEN
            ROUND((ESTIMATED_COST_USD - ROLLING_7D_AVG) / ROLLING_7D_STDDEV, 2)
        ELSE 0
    END AS DEVIATION_SCORE,
    CASE
        WHEN ROLLING_7D_STDDEV > 0 AND (ESTIMATED_COST_USD - ROLLING_7D_AVG) / ROLLING_7D_STDDEV >= 3 THEN 'CRITICAL'
        WHEN ROLLING_7D_STDDEV > 0 AND (ESTIMATED_COST_USD - ROLLING_7D_AVG) / ROLLING_7D_STDDEV >= 2 THEN 'WARNING'
        ELSE 'NORMAL'
    END AS ANOMALY_SEVERITY,
    CASE
        WHEN ROLLING_7D_STDDEV > 0 AND (ESTIMATED_COST_USD - ROLLING_7D_AVG) / ROLLING_7D_STDDEV >= 2 THEN TRUE
        ELSE FALSE
    END AS IS_ANOMALY
FROM daily_stats
WHERE ROLLING_7D_AVG IS NOT NULL
ORDER BY LOG_DATE DESC, DEVIATION_SCORE DESC;

-- ----------------------------------------------------------
-- View 5: VW_DQ_COST_VS_QUALITY
-- Correlates cost vs pass rate per object
-- ----------------------------------------------------------
CREATE OR REPLACE VIEW VW_DQ_COST_VS_QUALITY AS
WITH cost_agg AS (
    SELECT
        OBJECT_NAME,
        SUM(ESTIMATED_COST_USD) AS TOTAL_COST_USD,
        SUM(CREDITS_USED) AS TOTAL_CREDITS,
        SUM(DMF_EXECUTIONS) AS TOTAL_EXECUTIONS
    FROM DQ_COST_DAILY_LOG
    WHERE LOG_DATE >= DATEADD(DAY, -30, CURRENT_DATE())
    GROUP BY OBJECT_NAME
),
quality_agg AS (
    SELECT
        OBJECT_NAME,
        COUNT(*) AS TOTAL_CHECKS,
        SUM(CASE WHEN PASS_FLAG = TRUE THEN 1 ELSE 0 END) AS PASSED_CHECKS,
        ROUND(SUM(CASE WHEN PASS_FLAG = TRUE THEN 1 ELSE 0 END) * 100.0 / NULLIF(COUNT(*), 0), 2) AS PASS_RATE_PCT
    FROM DQ_EXECUTION_RESULTS
    WHERE EXECUTION_TS >= DATEADD(DAY, -30, CURRENT_TIMESTAMP())
    GROUP BY OBJECT_NAME
)
SELECT
    c.OBJECT_NAME,
    c.TOTAL_COST_USD,
    c.TOTAL_CREDITS,
    c.TOTAL_EXECUTIONS,
    COALESCE(q.TOTAL_CHECKS, 0) AS TOTAL_CHECKS,
    COALESCE(q.PASSED_CHECKS, 0) AS PASSED_CHECKS,
    COALESCE(q.PASS_RATE_PCT, 0) AS PASS_RATE_PCT,
    CASE WHEN c.TOTAL_EXECUTIONS > 0 THEN ROUND(c.TOTAL_COST_USD / c.TOTAL_EXECUTIONS, 6) ELSE 0 END AS COST_PER_EXECUTION_USD,
    CASE WHEN c.TOTAL_CREDITS > 0 THEN ROUND(COALESCE(q.PASS_RATE_PCT, 0) / c.TOTAL_CREDITS, 4) ELSE 0 END AS QUALITY_PER_CREDIT,
    -- Performance quadrant classification
    CASE
        WHEN c.TOTAL_COST_USD <= (SELECT AVG(TOTAL_COST_USD) FROM cost_agg) AND COALESCE(q.PASS_RATE_PCT, 0) >= 85 THEN 'EFFICIENT'
        WHEN c.TOTAL_COST_USD > (SELECT AVG(TOTAL_COST_USD) FROM cost_agg) AND COALESCE(q.PASS_RATE_PCT, 0) >= 85 THEN 'HIGH_COST_HIGH_QUALITY'
        WHEN c.TOTAL_COST_USD <= (SELECT AVG(TOTAL_COST_USD) FROM cost_agg) AND COALESCE(q.PASS_RATE_PCT, 0) < 85 THEN 'LOW_COST_LOW_QUALITY'
        ELSE 'NEEDS_OPTIMIZATION'
    END AS PERFORMANCE_QUADRANT
FROM cost_agg c
LEFT JOIN quality_agg q ON c.OBJECT_NAME = q.OBJECT_NAME
ORDER BY c.TOTAL_COST_USD DESC;

-- ----------------------------------------------------------
-- View 6: VW_DQ_COST_OPTIMIZATION
-- Identifies objects for cost optimization
-- ----------------------------------------------------------
CREATE OR REPLACE VIEW VW_DQ_COST_OPTIMIZATION AS
WITH cost_stats AS (
    SELECT
        OBJECT_NAME,
        AVG(ESTIMATED_COST_USD) AS AVG_DAILY_COST,
        STDDEV(ESTIMATED_COST_USD) AS COST_STDDEV,
        MAX(ESTIMATED_COST_USD) AS MAX_DAILY_COST,
        MIN(ESTIMATED_COST_USD) AS MIN_DAILY_COST,
        SUM(ESTIMATED_COST_USD) AS TOTAL_COST_30D,
        AVG(DMF_EXECUTIONS) AS AVG_DAILY_EXECUTIONS,
        -- Weekend vs weekday cost
        AVG(CASE WHEN DAYOFWEEK(LOG_DATE) IN (0, 6) THEN ESTIMATED_COST_USD END) AS AVG_WEEKEND_COST,
        AVG(CASE WHEN DAYOFWEEK(LOG_DATE) NOT IN (0, 6) THEN ESTIMATED_COST_USD END) AS AVG_WEEKDAY_COST
    FROM DQ_COST_DAILY_LOG
    WHERE LOG_DATE >= DATEADD(DAY, -30, CURRENT_DATE())
    GROUP BY OBJECT_NAME
),
quality_info AS (
    SELECT
        OBJECT_NAME,
        ROUND(SUM(CASE WHEN PASS_FLAG THEN 1 ELSE 0 END) * 100.0 / NULLIF(COUNT(*), 0), 2) AS PASS_RATE_PCT
    FROM DQ_EXECUTION_RESULTS
    WHERE EXECUTION_TS >= DATEADD(DAY, -30, CURRENT_TIMESTAMP())
    GROUP BY OBJECT_NAME
)
SELECT
    cs.OBJECT_NAME,
    cs.AVG_DAILY_COST,
    cs.COST_STDDEV,
    cs.TOTAL_COST_30D,
    cs.AVG_DAILY_EXECUTIONS,
    COALESCE(qi.PASS_RATE_PCT, 0) AS PASS_RATE_PCT,
    -- Cost variability coefficient
    CASE WHEN cs.AVG_DAILY_COST > 0 THEN ROUND(cs.COST_STDDEV / cs.AVG_DAILY_COST, 4) ELSE 0 END AS VARIABILITY_COEFFICIENT,
    -- Weekend utilization ratio
    CASE WHEN cs.AVG_WEEKDAY_COST > 0 THEN ROUND(COALESCE(cs.AVG_WEEKEND_COST, 0) / cs.AVG_WEEKDAY_COST, 4) ELSE 0 END AS WEEKEND_UTILIZATION_RATIO,
    -- Potential savings if weekend checks reduced by 50%
    ROUND(COALESCE(cs.AVG_WEEKEND_COST, 0) * 0.5 * 8, 6) AS POTENTIAL_WEEKEND_SAVINGS_USD,
    -- Optimization recommendation
    CASE
        WHEN COALESCE(qi.PASS_RATE_PCT, 0) > 99 AND cs.AVG_DAILY_COST > 0.015 THEN 'REDUCE_FREQUENCY - High pass rate suggests less frequent checks needed'
        WHEN cs.COST_STDDEV / NULLIF(cs.AVG_DAILY_COST, 0) > 0.5 THEN 'INVESTIGATE_VARIABILITY - High cost variability indicates unstable workload'
        WHEN COALESCE(cs.AVG_WEEKEND_COST, 0) > cs.AVG_WEEKDAY_COST * 0.8 THEN 'REDUCE_WEEKEND - Weekend costs nearly equal weekday; consider reducing'
        WHEN COALESCE(qi.PASS_RATE_PCT, 0) < 70 AND cs.AVG_DAILY_COST < 0.010 THEN 'INCREASE_MONITORING - Low quality with low spend; increase checks'
        ELSE 'OPTIMAL - Current configuration is cost-effective'
    END AS OPTIMIZATION_RECOMMENDATION
FROM cost_stats cs
LEFT JOIN quality_info qi ON cs.OBJECT_NAME = qi.OBJECT_NAME
ORDER BY cs.TOTAL_COST_30D DESC;

-- ============================================================
-- SECTION 5: STORED PROCEDURES
-- ============================================================

-- ----------------------------------------------------------
-- Procedure 1: PROC_CHECK_COST_ANOMALIES
-- Checks for cost spikes using statistical analysis
-- ----------------------------------------------------------
CREATE OR REPLACE PROCEDURE PROC_CHECK_COST_ANOMALIES()
RETURNS VARCHAR
LANGUAGE SQL
EXECUTE AS CALLER
AS
BEGIN
    -- Detect anomalies: cost > 2 std dev above 7-day rolling mean
    INSERT INTO DQ_COST_ANOMALY_LOG (ANOMALY_DATE, OBJECT_NAME, EXPECTED_COST, ACTUAL_COST, DEVIATION_STDDEV, SEVERITY, IS_RESOLVED, DETECTED_TS)
    SELECT
        a.LOG_DATE,
        a.OBJECT_NAME,
        a.EXPECTED_COST_USD,
        a.ACTUAL_COST_USD,
        a.DEVIATION_SCORE,
        a.ANOMALY_SEVERITY,
        FALSE,
        CURRENT_TIMESTAMP()
    FROM VW_DQ_COST_ANOMALIES a
    WHERE a.IS_ANOMALY = TRUE
      AND a.LOG_DATE = CURRENT_DATE()
      AND NOT EXISTS (
          SELECT 1 FROM DQ_COST_ANOMALY_LOG al
          WHERE al.ANOMALY_DATE = a.LOG_DATE
            AND al.OBJECT_NAME = a.OBJECT_NAME
      );

    -- Generate alerts for new anomalies
    INSERT INTO DQ_COST_ALERTS_HISTORY (ALERT_TS, ALERT_TYPE, ALERT_LEVEL, OBJECT_NAME, MESSAGE, EMAIL_SENT)
    SELECT
        CURRENT_TIMESTAMP(),
        'COST_ANOMALY',
        SEVERITY,
        OBJECT_NAME,
        'Cost anomaly detected: actual $' || TO_VARCHAR(ACTUAL_COST, '999,999.999999') ||
        ' vs expected $' || TO_VARCHAR(EXPECTED_COST, '999,999.999999') ||
        ' (' || TO_VARCHAR(DEVIATION_STDDEV) || ' std dev)',
        FALSE
    FROM DQ_COST_ANOMALY_LOG
    WHERE ANOMALY_DATE = CURRENT_DATE()
      AND DETECTED_TS >= DATEADD(MINUTE, -5, CURRENT_TIMESTAMP());

    RETURN 'Anomaly check completed at ' || TO_VARCHAR(CURRENT_TIMESTAMP());
END;

-- ----------------------------------------------------------
-- Procedure 2: PROC_SEND_COST_ALERT_EMAIL
-- Sends HTML formatted cost alert emails
-- ----------------------------------------------------------
CREATE OR REPLACE PROCEDURE PROC_SEND_COST_ALERT_EMAIL(
    P_ALERT_TYPE VARCHAR,
    P_OBJECT_NAME VARCHAR,
    P_MESSAGE VARCHAR
)
RETURNS VARCHAR
LANGUAGE SQL
EXECUTE AS CALLER
AS
BEGIN
    LET v_recipients VARCHAR;
    LET v_subject VARCHAR;
    LET v_html_body VARCHAR;

    -- Get email recipients based on alert type and object
    SELECT LISTAGG(EMAIL_RECIPIENTS, ',') WITHIN GROUP (ORDER BY CONFIG_NAME)
    INTO :v_recipients
    FROM DQ_EMAIL_NOTIFICATION_CONFIG
    WHERE IS_ACTIVE = TRUE
      AND (OBJECT_NAME = :P_OBJECT_NAME OR OBJECT_NAME IS NULL)
      AND (ALERT_LEVEL_FILTER = :P_ALERT_TYPE OR ALERT_LEVEL_FILTER = 'ALL');

    IF (:v_recipients IS NULL OR :v_recipients = '') THEN
        RETURN 'No active email recipients found for this alert configuration';
    END IF;

    -- Build subject line
    v_subject := 'GSCDNA DQ Cost Alert [' || :P_ALERT_TYPE || '] - ' || COALESCE(:P_OBJECT_NAME, 'All Objects');

    -- Build HTML email body
    v_html_body := '<!DOCTYPE html><html><head><style>'
        || 'body { font-family: Arial, sans-serif; background: #f4f4f4; padding: 20px; }'
        || '.container { max-width: 600px; margin: 0 auto; background: white; border-radius: 8px; overflow: hidden; box-shadow: 0 2px 10px rgba(0,0,0,0.1); }'
        || '.header { background: linear-gradient(135deg, #1A4D6E 0%, #29B5E8 100%); padding: 20px; text-align: center; }'
        || '.header h1 { color: white; margin: 0; font-size: 22px; }'
        || '.header p { color: rgba(255,255,255,0.9); margin: 5px 0 0 0; font-size: 14px; }'
        || '.content { padding: 25px; }'
        || '.alert-badge { display: inline-block; padding: 4px 12px; border-radius: 12px; font-size: 12px; font-weight: bold; color: white; }'
        || '.alert-critical { background: #dc3545; }'
        || '.alert-warning { background: #ffc107; color: #333; }'
        || '.alert-info { background: #17a2b8; }'
        || '.message { background: #f8f9fa; border-left: 4px solid #1A4D6E; padding: 15px; margin: 15px 0; border-radius: 4px; }'
        || '.footer { background: #f8f9fa; padding: 15px; text-align: center; font-size: 12px; color: #666; }'
        || '</style></head><body>'
        || '<div class="container">'
        || '<div class="header"><h1>GSCDNA Data Quality</h1><p>Cost Monitoring Alert</p></div>'
        || '<div class="content">'
        || '<p><span class="alert-badge alert-' || LOWER(:P_ALERT_TYPE) || '">' || :P_ALERT_TYPE || '</span></p>'
        || '<p><strong>Object:</strong> ' || COALESCE(:P_OBJECT_NAME, 'All Objects') || '</p>'
        || '<div class="message"><p>' || :P_MESSAGE || '</p></div>'
        || '<p><strong>Timestamp:</strong> ' || TO_VARCHAR(CURRENT_TIMESTAMP(), 'YYYY-MM-DD HH24:MI:SS') || ' ET</p>'
        || '</div>'
        || '<div class="footer">AT&T GSCDNA Data Quality Cost Monitoring | Automated Alert</div>'
        || '</div></body></html>';

    -- Send email via Snowflake notification integration
    CALL SYSTEM$SEND_EMAIL(
        'GSCDNA_DQ_EMAIL_INTEGRATION',
        :v_recipients,
        :v_subject,
        :v_html_body,
        'text/html'
    );

    -- Update alert history to mark email as sent
    UPDATE DQ_COST_ALERTS_HISTORY
    SET EMAIL_SENT = TRUE
    WHERE ALERT_TYPE = :P_ALERT_TYPE
      AND OBJECT_NAME = :P_OBJECT_NAME
      AND EMAIL_SENT = FALSE
      AND ALERT_TS >= DATEADD(MINUTE, -5, CURRENT_TIMESTAMP());

    RETURN 'Email sent to: ' || :v_recipients;
END;

-- ----------------------------------------------------------
-- Procedure 3: PROC_DAILY_COST_SUMMARY
-- Generates and sends daily cost summary
-- ----------------------------------------------------------
CREATE OR REPLACE PROCEDURE PROC_DAILY_COST_SUMMARY()
RETURNS VARCHAR
LANGUAGE SQL
EXECUTE AS CALLER
AS
BEGIN
    LET v_total_cost NUMBER(18,6);
    LET v_object_count NUMBER;
    LET v_anomaly_count NUMBER;
    LET v_message VARCHAR;

    -- Get today's cost summary
    SELECT
        COALESCE(SUM(ESTIMATED_COST_USD), 0),
        COUNT(DISTINCT OBJECT_NAME)
    INTO :v_total_cost, :v_object_count
    FROM DQ_COST_DAILY_LOG;
    --WHERE LOG_DATE = CURRENT_DATE();

    -- Get active anomalies
    SELECT COUNT(*)
    INTO :v_anomaly_count
    FROM DQ_COST_ANOMALY_LOG;
    --WHERE IS_RESOLVED = FALSE;

    -- Build summary message
    v_message := 'Daily cost summary: Total $' || TO_VARCHAR(:v_total_cost, '999,999.999999')
        || ', ' || TO_VARCHAR(:v_object_count) || ' objects monitored'
        || ', ' || TO_VARCHAR(:v_anomaly_count) || ' anomalies detected';

    -- Insert summary alert
    INSERT INTO DQ_COST_ALERTS_HISTORY (ALERT_TS, ALERT_TYPE, ALERT_LEVEL, OBJECT_NAME, MESSAGE, EMAIL_SENT)
    VALUES (CURRENT_TIMESTAMP(), 'DAILY_SUMMARY', 'INFO', NULL, :v_message, FALSE);

    -- Send summary email
    CALL PROC_SEND_COST_ALERT_EMAIL('INFO', NULL, :v_message);

    RETURN :v_message;
END;

-- ----------------------------------------------------------
-- Procedure 4: PROC_CHECK_BUDGET_ALERTS
-- Checks all objects against budget thresholds
-- ----------------------------------------------------------
CREATE OR REPLACE PROCEDURE PROC_CHECK_BUDGET_ALERTS()
RETURNS VARCHAR
LANGUAGE SQL
EXECUTE AS CALLER
AS
BEGIN
    LET v_alert_count NUMBER DEFAULT 0;

    -- Check each object against its budget config
    INSERT INTO DQ_COST_ALERTS_HISTORY (ALERT_TS, ALERT_TYPE, ALERT_LEVEL, OBJECT_NAME, MESSAGE, EMAIL_SENT)
    SELECT
        CURRENT_TIMESTAMP(),
        'BUDGET_EXCEEDED',
        CASE
            WHEN c.ESTIMATED_COST_USD >= b.DAILY_BUDGET_USD * b.CRITICAL_THRESHOLD_MULTIPLIER THEN 'CRITICAL'
            WHEN c.ESTIMATED_COST_USD >= b.DAILY_BUDGET_USD * b.WARNING_THRESHOLD_MULTIPLIER THEN 'WARNING'
        END,
        c.OBJECT_NAME,
        'Daily budget ' ||
        CASE
            WHEN c.ESTIMATED_COST_USD >= b.DAILY_BUDGET_USD * b.CRITICAL_THRESHOLD_MULTIPLIER THEN 'CRITICAL'
            ELSE 'warning'
        END ||
        ': spent $' || TO_VARCHAR(c.ESTIMATED_COST_USD, '999,999.999999') ||
        ' (' || TO_VARCHAR(ROUND(c.ESTIMATED_COST_USD / b.DAILY_BUDGET_USD * 100, 0)) || '% of $' ||
        TO_VARCHAR(b.DAILY_BUDGET_USD, '999,999.9999') || ' budget)',
        FALSE
    FROM DQ_COST_DAILY_LOG c
    INNER JOIN DQ_COST_BUDGET_CONFIG b ON c.OBJECT_NAME = b.OBJECT_NAME
    WHERE c.LOG_DATE = CURRENT_DATE()
      AND c.ESTIMATED_COST_USD >= b.DAILY_BUDGET_USD * b.WARNING_THRESHOLD_MULTIPLIER
      AND NOT EXISTS (
          SELECT 1 FROM DQ_COST_ALERTS_HISTORY ah
          WHERE ah.OBJECT_NAME = c.OBJECT_NAME
            AND ah.ALERT_TYPE = 'BUDGET_EXCEEDED'
            AND ah.ALERT_TS >= DATEADD(HOUR, -4, CURRENT_TIMESTAMP())
      );

    SELECT COUNT(*) INTO :v_alert_count
    FROM DQ_COST_ALERTS_HISTORY
    WHERE ALERT_TYPE = 'BUDGET_EXCEEDED'
      AND ALERT_TS >= DATEADD(MINUTE, -1, CURRENT_TIMESTAMP());

    -- Send emails for new budget alerts
    FOR alert_rec IN (
        SELECT ALERT_LEVEL, OBJECT_NAME, MESSAGE
        FROM DQ_COST_ALERTS_HISTORY
        WHERE ALERT_TYPE = 'BUDGET_EXCEEDED'
          AND EMAIL_SENT = FALSE
          AND ALERT_TS >= DATEADD(MINUTE, -1, CURRENT_TIMESTAMP())
    ) DO
        CALL PROC_SEND_COST_ALERT_EMAIL(alert_rec.ALERT_LEVEL, alert_rec.OBJECT_NAME, alert_rec.MESSAGE);
    END FOR;

    RETURN 'Budget check completed: ' || TO_VARCHAR(:v_alert_count) || ' alerts generated';
END;

-- ----------------------------------------------------------
-- Procedure 5: PROC_REFRESH_COST_DATA
-- Refreshes cost aggregation from source usage history
-- ----------------------------------------------------------
CREATE OR REPLACE PROCEDURE PROC_REFRESH_COST_DATA()
RETURNS VARCHAR
LANGUAGE SQL
EXECUTE AS CALLER
AS
BEGIN
    LET v_rows_inserted NUMBER DEFAULT 0;

    -- Refresh cost data from DATA_QUALITY_MONITORING_USAGE_HISTORY
    -- This pulls actual DQ monitoring costs from the Snowflake system view
    MERGE INTO DQ_COST_DAILY_LOG target
    USING (
        SELECT
            DATE(START_TIME) AS LOG_DATE,
            TABLE_DATABASE AS OBJECT_DATABASE,
            TABLE_SCHEMA AS OBJECT_SCHEMA,
            TABLE_NAME AS OBJECT_NAME,
            SUM(CREDITS_USED) AS CREDITS_USED,
            SUM(CREDITS_USED) * 0.00056 AS ESTIMATED_COST_USD,
            COUNT(*) AS DMF_EXECUTIONS
        FROM SNOWFLAKE.ACCOUNT_USAGE.DATA_QUALITY_MONITORING_USAGE_HISTORY
        WHERE START_TIME >= DATEADD(DAY, -7, CURRENT_TIMESTAMP())
          AND TABLE_DATABASE = 'GSCDNA_DQ'
        GROUP BY DATE(START_TIME), TABLE_DATABASE, TABLE_SCHEMA, TABLE_NAME
    ) source
    ON target.LOG_DATE = source.LOG_DATE
       AND target.OBJECT_NAME = source.OBJECT_NAME
    WHEN MATCHED THEN UPDATE SET
        target.CREDITS_USED = source.CREDITS_USED,
        target.ESTIMATED_COST_USD = source.ESTIMATED_COST_USD,
        target.DMF_EXECUTIONS = source.DMF_EXECUTIONS
    WHEN NOT MATCHED THEN INSERT (LOG_DATE, OBJECT_DATABASE, OBJECT_SCHEMA, OBJECT_NAME, CREDITS_USED, ESTIMATED_COST_USD, DMF_EXECUTIONS)
    VALUES (source.LOG_DATE, source.OBJECT_DATABASE, source.OBJECT_SCHEMA, source.OBJECT_NAME, source.CREDITS_USED, source.ESTIMATED_COST_USD, source.DMF_EXECUTIONS);

    -- Update forecast table
    INSERT INTO DQ_COST_FORECAST (FORECAST_MONTH, PROJECTED_CREDITS, PROJECTED_COST_USD, GROWTH_RATE_PCT, GENERATED_TS)
    SELECT
        DATEADD(MONTH, 1, DATE_TRUNC('MONTH', CURRENT_DATE())),
        ROUND(SUM(CREDITS_USED) * 1.05, 4),
        ROUND(SUM(ESTIMATED_COST_USD) * 1.05, 6),
        5.0,
        CURRENT_TIMESTAMP()
    FROM DQ_COST_DAILY_LOG
    WHERE LOG_DATE >= DATE_TRUNC('MONTH', CURRENT_DATE())
      AND LOG_DATE < CURRENT_DATE();

    RETURN 'Cost data refresh completed at ' || TO_VARCHAR(CURRENT_TIMESTAMP());
END;

-- ============================================================
-- SECTION 6: SCHEDULED TASKS
-- ============================================================

-- Task 1: Daily cost anomaly check at 9AM ET
CREATE OR REPLACE TASK TASK_DAILY_COST_CHECK
    WAREHOUSE = CORTEX_WH
    SCHEDULE = 'USING CRON 0 9 * * * America/New_York'
    COMMENT = 'Daily cost anomaly check - runs at 9AM ET'
AS
    CALL PROC_CHECK_COST_ANOMALIES();

-- Task 2: Daily summary email at 10AM ET
CREATE OR REPLACE TASK TASK_DAILY_SUMMARY_EMAIL
    WAREHOUSE = CORTEX_WH
    SCHEDULE = 'USING CRON 0 10 * * * America/New_York'
    COMMENT = 'Daily cost summary email - runs at 10AM ET'
AS
    CALL PROC_DAILY_COST_SUMMARY();

-- Task 3: Budget alert check every 4 hours
CREATE OR REPLACE TASK TASK_BUDGET_ALERT_CHECK
    WAREHOUSE = CORTEX_WH
    SCHEDULE = '240 MINUTE'
    COMMENT = 'Budget threshold check - runs every 4 hours'
AS
    CALL PROC_CHECK_BUDGET_ALERTS();

-- Task 4: Weekly cost analysis on Monday 8AM ET
CREATE OR REPLACE TASK TASK_WEEKLY_COST_ANALYSIS
    WAREHOUSE = CORTEX_WH
    SCHEDULE = 'USING CRON 0 8 * * 1 America/New_York'
    COMMENT = 'Weekly cost data refresh and analysis - Monday 8AM ET'
AS
    CALL PROC_REFRESH_COST_DATA();

-- Resume tasks (they are created in suspended state by default)
ALTER TASK TASK_DAILY_COST_CHECK RESUME;
ALTER TASK TASK_DAILY_SUMMARY_EMAIL RESUME;
ALTER TASK TASK_BUDGET_ALERT_CHECK RESUME;
ALTER TASK TASK_WEEKLY_COST_ANALYSIS RESUME;

-- ============================================================
-- SECTION 7: NOTIFICATION INTEGRATION
-- ============================================================

USE ROLE ACCOUNTADMIN;

CREATE OR REPLACE NOTIFICATION INTEGRATION GSCDNA_DQ_EMAIL_INTEGRATION
    TYPE = EMAIL
    ENABLED = TRUE
    ALLOWED_RECIPIENTS = (
        'Dipal.Mahajan@snowflake.com',
        'Dipal.Mahajan@snowflake.com',
        'Dipal.Mahajan@snowflake.com',
        'Dipal.Mahajan@snowflake.com',
        'Dipal.Mahajan@snowflake.com',
        'Dipal.Mahajan@snowflake.com',
        'Dipal.Mahajan@snowflake.com',
        'Dipal.Mahajan@snowflake.com',
        'Dipal.Mahajan@snowflake.com',
        'Dipal.Mahajan@snowflake.com',
        'Dipal.Mahajan@snowflake.com',
        'Dipal.Mahajan@snowflake.com',
        'Dipal.Mahajan@snowflake.com',
        'Dipal.Mahajan@snowflake.com',
        'Dipal.Mahajan@snowflake.com',
        'Dipal.Mahajan@snowflake.com',
        'Dipal.Mahajan@snowflake.com',
        'Dipal.Mahajan@snowflake.com'
    )
    COMMENT = 'Email integration for GSCDNA DQ cost monitoring alerts';

-- Grant usage to DQ roles
GRANT USAGE ON INTEGRATION GSCDNA_DQ_EMAIL_INTEGRATION TO ROLE DQ_ADMIN_ROLE;
GRANT USAGE ON INTEGRATION GSCDNA_DQ_EMAIL_INTEGRATION TO ROLE DQ_OPERATOR_ROLE;

USE ROLE SYSADMIN;

-- ============================================================
-- SECTION 8: VERIFICATION QUERIES
-- ============================================================

-- Verify tables created
SELECT TABLE_NAME, ROW_COUNT, BYTES, CREATED
FROM GSCDNA_DQ.INFORMATION_SCHEMA.TABLES
WHERE TABLE_SCHEMA = 'GSCDNA_DATA_GOV'
  AND TABLE_TYPE = 'BASE TABLE'
ORDER BY TABLE_NAME;

-- Verify views created
SELECT TABLE_NAME, CREATED
FROM GSCDNA_DQ.INFORMATION_SCHEMA.VIEWS
WHERE TABLE_SCHEMA = 'GSCDNA_DATA_GOV'
ORDER BY TABLE_NAME;

-- Verify procedures created
SELECT PROCEDURE_NAME, CREATED
FROM GSCDNA_DQ.INFORMATION_SCHEMA.PROCEDURES
WHERE PROCEDURE_SCHEMA = 'GSCDNA_DATA_GOV'
ORDER BY PROCEDURE_NAME;

-- Verify tasks created
SHOW TASKS IN SCHEMA GSCDNA_DQ.GSCDNA_DATA_GOV;

-- Test executive summary view
SELECT * FROM VW_DQ_COST_EXECUTIVE_SUMMARY;

-- Test cost trends view
SELECT * FROM VW_DQ_COST_TRENDS ORDER BY LOG_DATE DESC LIMIT 7;

-- Test cost by priority view
SELECT * FROM VW_DQ_COST_BY_PRIORITY;

-- Test anomaly detection view
SELECT * FROM VW_DQ_COST_ANOMALIES WHERE IS_ANOMALY = TRUE LIMIT 10;

-- Test cost vs quality view
SELECT * FROM VW_DQ_COST_VS_QUALITY;

-- Test optimization view
SELECT * FROM VW_DQ_COST_OPTIMIZATION;

-- End of GSCDNA DQ Cost Monitoring Framework
